<PAD>	1000000000
<UNK>	1000000000
<S>	1000000000
</S>	1000000000
seg	2610
id	1305
und	553
die	533
der	342
zu	331
in	323
ich	295
ist	269
das	222
nicht	221
sie	216
den	194
wir	188
dass	186
es	184
von	183
Ich	167
ein	166
mit	164
eine	161
wie	152
sich	138
Sie	125
war	121
auf	117
sind	116
für	107
als	105
dem	103
an	99
er	98
einen	91
uns	90
um	80
so	80
aber	79
haben	79
Das	77
Es	76
über	75
was	74
im	74
diese	73
Und	71
Aber	71
oder	71
man	70
wenn	69
hat	64
mich	64
Wir	64
können	63
aus	61
einer	60
mir	57
des	57
kann	56
auch	55
habe	54
Die	54
nur	51
einem	51
sein	51
Leute	49
werden	48
vor	47
sehr	47
Er	45
meine	44
gibt	43
zum	41
nach	41
ihre	40
also	39
wird	38
etwas	38
noch	38
weil	37
ihr	37
keine	37
wurde	36
viel	36
Zeit	35
dann	35
Menschen	35
Wenn	34
eines	34
alle	33
Welt	33
mehr	32
Eifersucht	32
anderen	31
doc	30
In	30
diesem	30
Leben	30
hatte	30
wirklich	30
dieser	30
immer	30
Der	30
diesen	29
ern	28
würde	28
Vertrauen	28
Was	27
Stadt	27
Geschichte	27
am	27
da	26
seine	26
du	26
bei	25
drei	24
wäre	24
durch	24
gut	24
Jahre	24
Jahren	24
hier	24
zusammen	24
müssen	24
bin	24
selbst	23
Dinge	23
unsere	23
weiß	22
meiner	22
bedeutet	21
wollte	21
sagte	21
wissen	21
Probleme	20
mein	20
euch	20
machen	20
Wie	20
Gedächtnis	20
sagt	19
Arbeit	19
zur	19
sagen	19
zwei	19
damit	19
Also	19
ersten	18
einfach	18
hatten	18
unter	18
vielleicht	18
möchte	18
denken	18
geht	18
waren	18
dir	18
nie	18
ihnen	18
finden	18
Jahr	18
dieses	17
Kinder	17
Als	17
Frau	17
meinem	17
sehen	17
denn	17
schon	17
Tag	17
gab	17
muss	17
New	17
Durchhaltevermögen	17
kam	16
nichts	16
sogar	16
tun	16
darüber	16
denke	16
Mann	16
geben	16
Ihnen	16
lernen	16
welche	16
ihm	16
Schriftzeichen	16
docid	15
genrelectures	15
später	15
talkidtalkid	15
neue	15
Moment	15
Art	15
bis	15
Frauen	15
jeden	15
Freunde	15
wo	15
zwischen	15
meinen	14
Problem	14
sondern	14
ihren	14
alles	14
viele	14
Im	14
Dank	14
Ziel	14
Raum	14
Diese	14
unseren	14
denen	14
Gebäude	14
erste	13
große	13
Familie	13
Vielen	13
begann	13
wieder	13
daran	13
warum	13
Ein	13
seiner	13
Man	13
wer	13
Bäcker	13
junge	13
Mogadischu	13
kommen	12
Alex	12
glaube	12
jeder	12
sollte	12
jetzt	12
macht	12
ob	12
Person	12
andere	12
kein	12
So	12
Eine	12
Mädchen	12
großen	12
Proust	12
erinnern	12
Film	12
neuen	11
während	11
doch	11
fast	11
stehen	11
keinen	11
Emma	11
Job	11
dort	11
Idee	11
Eltern	11
Beispiel	11
ins	11
einige	11
liegt	11
lösen	11
davon	11
Oz	11
ihn	10
Mein	10
darauf	10
dafür	10
Du	10
zeigen	10
einmal	10
ganzen	10
unserer	10
Ideen	10
kleinen	10
beiden	10
Bücher	10
Mutter	10
vom	10
jemand	10
wollen	10
Holmes	10
würden	10
ja	10
Müll	10
ab	10
ihrer	10
Zauberer	10
Wort	10
Vertrauenswürdigkeit	10
Geschichten	9
Dies	9
gemacht	9
hätte	9
deine	9
besser	9
dabei	9
mag	9
Literatur	9
all	9
mal	9
brauchen	9
könnten	9
York	9
Sonne	9
verstehen	9
öffentlichen	9
Itjtaui	9
dies	8
Meine	8
bekam	8
dachte	8
nächsten	8
lassen	8
machte	8
Mensch	8
gerade	8
will	8
merken	8
zeigt	8
ganze	8
lang	8
Informationen	8
funktioniert	8
unser	8
Schüler	8
anders	8
Traum	8
Schule	8
dazu	8
Mal	8
eigentlich	8
je	8
meisten	8
Antwort	8
Tür	8
genau	8
Namen	8
sicher	8
Vielleicht	8
letzten	8
Technologie	8
zurück	8
dich	8
Stätte	8
vertrauen	8
seinen	7
reden	7
konnte	7
Ja	7
bevor	7
bewusst	7
gehen	7
paar	7
passiert	7
Gruppe	7
eigenen	7
Möglichkeiten	7
vorbei	7
plötzlich	7
gesagt	7
musste	7
suchen	7
Jetzt	7
sprechen	7
Dieses	7
genauso	7
gingen	7
Bildschirm	7
geworden	7
direkt	7
bereits	7
Hier	7
einzige	7
gelernt	7
gute	7
kleine	7
Roman	7
könnte	7
Wissen	7
jungen	7
steht	7
Reich	7
braucht	7
Städten	7
Zerebralparese	7
Jersey	7
gegen	7
sollten	7
weniger	7
deiner	7
Sind	7
Technologien	7
Apollo	7
Mond	7
gesehen	7
Mund	7
einigen	7
Architektur	7
Aufgabe	7
natürlich	7
vertrauenswürdig	7
Filme	7
Waithood	7
Vortrag	6
Warum	6
namens	6
Jungs	6
Mit	6
leicht	6
Kopf	6
klar	6
ihrem	6
beste	6
arbeiten	6
Zu	6
ohne	6
Ihr	6
Glück	6
Beziehung	6
verändern	6
verändert	6
Zukunft	6
wenig	6
deinem	6
worden	6
Alle	6
Reise	6
Kind	6
schauen	6
oft	6
Tages	6
Wer	6
seit	6
fand	6
Grund	6
fünf	6
Karte	6
genug	6
helfen	6
kleiner	6
Computer	6
Buch	6
indem	6
Teil	6
Heute	6
wahr	6
Weg	6
versucht	6
anderes	6
Vater	6
lesen	6
Verbindung	6
Sein	6
bringen	6
heute	6
Luft	6
Einser	6
ziemlich	6
allen	6
Ist	6
hätten	6
Stimmts	6
Jungen	6
erzählen	6
schlecht	6
Gefühl	6
lässt	6
gehört	6
Zwei	6
Lestrade	6
City	6
Stadtreinigung	6
fuhr	6
hinter	6
alten	6
tragen	6
Seite	6
schaffen	6
Sohn	6
Name	6
Augen	6
Rolle	6
fragte	6
Ende	6
schwierig	6
Fähigkeit	6
Lösungen	6
Licht	6
Ed	6
Techniken	6
darin	6
Form	6
Städte	6
Tochter	6
Filmen	6
Baum	6
verbessern	5
jährige	5
hin	5
bald	5
Frage	5
stellen	5
Da	5
etwa	5
passieren	5
Geld	5
Hälfte	5
Gehirn	5
Körper	5
Entwicklung	5
stimmt	5
gar	5
eure	5
Freund	5
ging	5
fing	5
Macht	5
schnell	5
ändern	5
Stelle	5
wusste	5
Chance	5
Leuten	5
kommt	5
eigene	5
liebe	5
Unterschied	5
Grenze	5
digitalen	5
Pixel	5
nun	5
aussehen	5
Erfahrung	5
nachzudenken	5
Nun	5
überall	5
nutzen	5
Lesen	5
China	5
sei	5
alt	5
USA	5
Thema	5
Weise	5
richtig	5
Sinn	5
gleichen	5
Natur	5
Suche	5
vergessen	5
Swann	5
einiger	5
Alles	5
schreiben	5
Mr	5
Ripley	5
Nehmen	5
Methode	5
leben	5
Medien	5
schließlich	5
finde	5
scheint	5
darum	5
allein	5
räumt	5
unserem	5
Dach	5
lernte	5
sieht	5
besonders	5
Straßen	5
Am	5
Ali	5
Komikerin	5
laufen	5
CP	5
fanden	5
Behinderung	5
vier	5
größte	5
Herausforderungen	5
Unternehmen	5
Mars	5
fliegen	5
einprägen	5
Technik	5
Britney	5
Spears	5
Wettkampf	5
auswendig	5
Konzept	5
entwerfen	5
Projekt	5
Einrichtungen	5
Mohamed	5
junger	5
Gelegenheit	5
Blumen	5
Feuer	5
Jahrzehnt	4
anfangen	4
nämlich	4
brachte	4
einschätzen	4
recht	4
kamen	4
nennen	4
aller	4
Zeitpunkt	4
Vereinigten	4
Staaten	4
keiner	4
seid	4
Mitte	4
Dieser	4
Einfluss	4
hören	4
bekommen	4
Kultur	4
Plan	4
Karriere	4
starten	4
hört	4
besseren	4
Spaß	4
blieb	4
manchmal	4
nächste	4
Stuhl	4
kaufen	4
hart	4
kannst	4
Stunde	4
Krebs	4
Identitätskapital	4
außerhalb	4
letzte	4
geschah	4
verlassen	4
irgendwo	4
erreichen	4
Lee	4
kurzen	4
digitale	4
gefragt	4
gäbe	4
entwickelt	4
Hände	4
Bei	4
Dann	4
jedes	4
Bewegung	4
dadurch	4
Regierung	4
Nein	4
werde	4
fest	4
Rest	4
gelesen	4
Erde	4
Lauf	4
verlieren	4
Zweck	4
scheinen	4
Noten	4
ganz	4
möglichen	4
eifersüchtig	4
denkt	4
erst	4
sollen	4
besondere	4
Freud	4
Denn	4
Freundin	4
ehrlich	4
Tom	4
Tage	4
vertraut	4
sechs	4
dreht	4
Hand	4
liegen	4
Tonnen	4
einfache	4
gewesen	4
sah	4
dachten	4
An	4
schwer	4
Beruf	4
Stigma	4
Wohnung	4
Nähe	4
nehmen	4
Unterhaltung	4
arbeiteten	4
wurden	4
glauben	4
Systeme	4
Prozent	4
Alltag	4
Zayid	4
nimmt	4
Politiker	4
University	4
Lehrer	4
spielen	4
Abschluss	4
Hause	4
gemeinsam	4
Bild	4
eingeladen	4
Hat	4
größten	4
Dorf	4
heutigen	4
gegenüber	4
Für	4
Großteil	4
Energie	4
Silicon	4
Valley	4
Reihenfolge	4
Gedächtnispalast	4
Haustür	4
Kartendecks	4
Typ	4
hast	4
bist	4
beibringen	4
trainieren	4
kennen	4
Tatsächlich	4
Bedeutung	4
Simonides	4
aufbauen	4
bereit	4
Danke	4
IQ	4
besten	4
gezeigt	4
Zustand	4
schönen	4
Schritt	4
Erdgeschoss	4
Behauptung	4
guter	4
Fragen	4
vertraue	4
diejenigen	4
kompetent	4
soll	4
Aufgaben	4
Botschaft	4
besiegen	4
miteinander	4
Schicht	4
acht	4
Japan	4
descriptionDie	3
Jay	3
Erwachsene	3
Büro	3
hörte	3
hielt	3
Männern	3
heiratet	3
Außerdem	3
Psychologen	3
früher	3
realen	3
erreicht	3
jemanden	3
arbeitet	3
wegen	3
wichtig	3
Liebe	3
Erfahrungen	3
eurem	3
Auswirkung	3
Partner	3
großes	3
wollt	3
sonst	3
alltägliche	3
redet	3
Söhne	3
tut	3
zählt	3
Oder	3
danach	3
zwar	3
Viele	3
roten	3
gerne	3
Weil	3
billiger	3
ließ	3
weinte	3
aussuchen	3
Eines	3
verbrachte	3
Morgen	3
vielen	3
Emmas	3
erzeugt	3
internationalen	3
versuchen	3
Zweitens	3
kennenlernen	3
Freunden	3
könne	3
auszusuchen	3
habt	3
irgendjemand	3
half	3
groß	3
Westen	3
gutes	3
Privileg	3
sucht	3
physikalischen	3
Vorstellungskraft	3
Zuerst	3
stark	3
bleiben	3
Gesicht	3
Händen	3
Position	3
Wörter	3
stattdessen	3
sodass	3
innerhalb	3
mechanischen	3
befreien	3
menschliche	3
Konzepte	3
geschieht	3
neues	3
Büchern	3
Horizont	3
erzählt	3
Einstellung	3
Klasse	3
glaubten	3
chinesische	3
Erwachsenen	3
Angst	3
Tradition	3
Von	3
effizient	3
interessant	3
seltsam	3
deinen	3
Durch	3
ermöglichen	3
Forschung	3
verschiedenen	3
Freude	3
Leidenschaft	3
Blick	3
lieben	3
Studie	3
Lage	3
kleines	3
raste	3
länger	3
rein	3
Verhalten	3
verstehe	3
verblüfft	3
leiden	3
Formen	3
Auf	3
Hoffnung	3
Stück	3
Land	3
Deshalb	3
erfolgreich	3
Sprache	3
Wert	3
Genie	3
zufällig	3
Punkt	3
bringt	3
falschen	3
geschrieben	3
versuchte	3
verwirrt	3
einst	3
Ihren	3
trägt	3
sozialen	3
Ausweg	3
Charaktere	3
B	3
fragen	3
verübelt	3
Hilfe	3
Lösung	3
Szene	3
Während	3
Statistik	3
Gründe	3
lief	3
Wald	3
Glas	3
London	3
Lastwagen	3
Anlagen	3
Menge	3
Jeder	3
gewöhnt	3
kenne	3
mehrere	3
Woche	3
Nach	3
tritt	3
wann	3
Ablauf	3
hält	3
schaute	3
existieren	3
menschlichen	3
sammeln	3
Erfolg	3
Arten	3
nationalen	3
Maysoon	3
Shakira	3
Muhammad	3
Niemand	3
bekommt	3
Quelle	3
Einkaufszentrum	3
Wieso	3
bisschen	3
weiblich	3
Schwestern	3
Nase	3
Glauben	3
leisten	3
Wasser	3
Endlich	3
frei	3
Gott	3
Charakter	3
geboren	3
gaben	3
wuchs	3
erster	3
Einige	3
bösen	3
einfacher	3
großer	3
Olbermann	3
Internet	3
wieso	3
Journalist	3
Aldrin	3
Um	3
Doch	3
Hinweis	3
Pferd	3
erinnere	3
TED	3
bieten	3
Risikoinvestoren	3
unterstützen	3
deren	3
getan	3
politischen	3
Prinzip	3
Klima	3
Meinungen	3
schließen	3
Farbe	3
musst	3
Dorothy	3
heißt	3
Vor	3
Zahlen	3
Minuten	3
erfunden	3
nutzten	3
lernt	3
erinnert	3
Einfach	3
beim	3
benutzen	3
Erinnern	3
einzuprägen	3
sage	3
absolut	3
Geheimnis	3
inneren	3
Auge	3
führt	3
möchtest	3
Sache	3
funktionieren	3
einfachen	3
Abkürzungen	3
Unsere	3
anstatt	3
jedem	3
Schulen	3
Mathe	3
verließ	3
Monat	3
verwirklichen	3
tausende	3
Eigenschaften	3
Kindern	3
Vilalta	3
mehrstöckiges	3
Ansatz	3
lokalen	3
Hauptstadt	3
Team	3
Läden	3
Ort	3
Metern	3
schufen	3
Mauer	3
Tore	3
Muster	3
Vorschlag	3
bessere	3
Meinungsumfragen	3
verlässlich	3
guten	3
Stokes	3
Star	3
Wars	3
Männlichkeit	3
Gewalt	3
aufgeschnappt	3
BechdelTest	3
Filmes	3
Männer	3
Mittel	3
teilen	3
gefällt	3
Arbeitslosigkeit	3
Unternehmer	3
Aden	3
Motorräder	3
Unternehmergeist	3
Archäologie	3
Maine	3
ägyptischen	3
Landschaft	3
Mittleren	3
Drei	3
Setzen	3
Exil	3
mteval	2
srcset	2
Psychologin	2
Meg	2
allgemeinen	2
planen	2
Ratschläge	2
Sitzung	2
fiel	2
erzählte	2
lustigen	2
soweit	2
Tod	2
Betreuer	2
Liebesleben	2
trifft	2
Ehe	2
verheiratet	2
ernsthaftes	2
Familien	2
Millionen	2
Erwachsenenalter	2
liebt	2
Ok	2
einzelne	2
Meinung	2
Fakten	2
verdienen	2
zukünftigen	2
irgendwann	2
Höhepunkt	2
Journalisten	2
meinte	2
bloß	2
tot	2
solange	2
Uni	2
umher	2
geheiratet	2
Identitätskrise	2
Kunst	2
deshalb	2
lebte	2
obwohl	2
davor	2
Adressbuch	2
gekauft	2
leere	2
Notfall	2
bitte	2
hysterisch	2
brauchte	2
besseres	2
egal	2
Erstens	2
solle	2
Damit	2
Entdeckungsreisen	2
urbane	2
Gute	2
Flughafen	2
entstehen	2
schwachen	2
schwache	2
Jobs	2
Chef	2
Nachbarn	2
Rat	2
aufwuchs	2
gründete	2
euer	2
Band	2
gewählt	2
stand	2
wenden	2
Genau	2
gleichermaßen	2
Gespräch	2
enorme	2
nutzt	2
Designer	2
Ingenieur	2
eindringt	2
Modelle	2
keywordsTED	2
hineingreifen	2
Abstand	2
vorgestellt	2
Werkzeug	2
welches	2
Figur	2
materialisieren	2
virtuellen	2
interagieren	2
Microsoft	2
Tastatur	2
greifen	2
bloßen	2
anfassen	2
All	2
online	2
Geometrie	2
unseres	2
versteht	2
fühlen	2
Mitarbeiter	2
Fall	2
Objekt	2
Indem	2
aufgenommen	2
gelehrt	2
vorzustellen	2
täglichen	2
Aktivitäten	2
Umgebung	2
descriptionWas	2
Bu	2
aufbaut	2
einzigartige	2
Magie	2
Geist	2
trainiert	2
schicken	2
wollten	2
Nachdem	2
Opernsängerin	2
beginnen	2
Nur	2
machtlos	2
meines	2
Lebens	2
Auch	2
Hunger	2
Vorbild	2
Gehorsam	2
verlangt	2
Ausland	2
studieren	2
Lektionen	2
zuerst	2
handelt	2
chinesischen	2
verstanden	2
Bibel	2
Einblicke	2
Zentrum	2
Sichtweise	2
Vergleichende	2
Vergleich	2
Verständnis	2
gleichzeitig	2
handeln	2
John	2
gemeinsamen	2
ähnliche	2
Joseph	2
Christus	2
Buddha	2
Versuchungen	2
soziale	2
beherrscht	2
Übersetzung	2
heraus	2
gewinnen	2
Chinesischen	2
wörtlich	2
übersetzt	2
schnelle	2
Vergangenheit	2
Gegenwart	2
zerplatzter	2
Überzeugung	2
gekommen	2
woher	2
Träume	2
erfüllen	2
meiste	2
Keine	2
Einsamkeit	2
Langlebigkeit	2
makabren	2
Nervenkitzel	2
außer	2
Sehgal	2
langes	2
glänzendes	2
Haar	2
Schreibmäppchen	2
Buchstabieren	2
jenem	2
Schuljahr	2
hervor	2
schlich	2
Klassenzimmer	2
nahm	2
Vierer	2
anwesend	2
offensichtlich	2
geheimnisvoll	2
Ebenso	2
Dafür	2
Labor	2
Kein	2
eifersüchtiger	2
Abenteuer	2
ziehen	2
verlorenen	2
Analyse	2
Denken	2
Katzendarm	2
Sehen	2
solch	2
Details	2
toll	2
Bett	2
Laufe	2
Sätze	2
zuckt	2
anderem	2
Geliebten	2
Schluss	2
Grunde	2
Wissenschaft	2
antiken	2
anzuschauen	2
Wahrheit	2
desto	2
Mannes	2
interessiert	2
Gibt	2
irgendein	2
hinzuschauen	2
irgendwie	2
schaut	2
Dingen	2
beschreibt	2
jedoch	2
Daher	2
gewalttätige	2
Dabei	2
Nachrichten	2
ihres	2
Schuhe	2
Lassen	2
Highsmith	2
talentierte	2
reagiert	2
Bürger	2
Zeigt	2
Sherlock	2
Scotland	2
Yard	2
beginnt	2
wenigen	2
physikalisches	2
Wellenlänge	2
verrückte	2
Gesellschaft	2
produzieren	2
Jeden	2
Nagle	2
Forschungsprojekt	2
startete	2
Routen	2
bediente	2
Besen	2
Müllwagen	2
wären	2
Schreckliches	2
wütend	2
faul	2
ungefähr	2
Uniform	2
Tagen	2
Gewicht	2
machten	2
jede	2
Statistiken	2
Verkehr	2
voll	2
Müllwagens	2
erkennt	2
Gesundheit	2
effektiv	2
verbundenen	2
Wege	2
Wirtschaft	2
durchschnittliche	2
Geschwindigkeit	2
nenne	2
heutzutage	2
kümmern	2
werfen	2
weg	2
Ihre	2
aufrechterhalten	2
Preis	2
September	2
Straße	2
danken	2
Erst	2
Nachforschungen	2
Paulie	2
Kosten	2
entwickeln	2
Amerika	2
Quellen	2
Ihrem	2
zappele	2
Anfang	2
Schauspielerin	2
Behinderungen	2
hab	2
eins	2
Hallo	2
TEDWomen	2
Geburt	2
verschiedene	2
kriegen	2
Inspiration	2
kurz	2
behindert	2
Heimatstadt	2
Tatsache	2
Haus	2
älteren	2
hingehen	2
kriegten	2
Laufen	2
weitere	2
Kindergarten	2
Araber	2
verwenden	2
erklärte	2
Sonnenaufgang	2
Broadway	2
verrückt	2
konnten	2
Absätzen	2
tanzt	2
Sommerferien	2
verbrachten	2
Sommer	2
einzelnen	2
bestanden	2
daraus	2
heilen	2
Meer	2
Yoga	2
echt	2
unmöglich	2
Seifenoper	2
ASU	2
Minderheit	2
Schauspielfakultät	2
Hausaufgaben	2
Kursen	2
Stunts	2
Entschuldigung	2
Hollywood	2
bekannt	2
Schauspieler	2
verrückter	2
CastingDirektoren	2
stellten	2
perfekte	2
Ausnahmen	2
bestätigen	2
Shows	2
fahren	2
Osten	2
Arabisch	2
arabischen	2
gern	2
Yorker	2
Unser	2
Herkunft	2
zugleich	2
Herausforderung	2
Gast	2
Keith	2
Studio	2
setzten	2
Rollen	2
Tisch	2
sehe	2
Ey	2
Einer	2
Rollstuhlfahrer	2
Beyoncé	2
sagten	2
erschaffen	2
positive	2
Vorbilder	2
Orte	2
gebracht	2
durfte	2
gegründet	2
heraussticht	2
fliegt	2
Buzz	2
Menschheit	2
technologischer	2
genutzt	2
Apps	2
genauer	2
bedeutsam	2
Armstrong	2
NASA	2
Besatzung	2
flogen	2
Präsident	2
Kennedy	2
Worte	2
Westens	2
Kalten	2
langen	2
Aus	2
Jahrhunderts	2
schneller	2
ca	2
Seit	2
bewegt	2
bereichert	2
Erklärung	2
finanziert	2
Schuld	2
fördern	2
erklärt	2
hauptsächlich	2
Zeiten	2
niemals	2
Manchmal	2
entworfen	2
politische	2
Solarenergie	2
Wind	2
Biokraftstoff	2
günstiger	2
Abkommen	2
alternativen	2
lange	2
Hungersnöte	2
Auswirkungen	2
Krieg	2
erfüllte	2
wiederholt	2
gestellt	2
fehlt	2
Nummern	2
Wissenschaftsjournalist	2
Foer	2
Eigenschaft	2
stehst	2
stell	2
vorstellen	2
eben	2
bricht	2
Krümelmonster	2
Rücken	2
gelbbraunen	2
sprechenden	2
Fell	2
dein	2
Baby	2
Küche	2
gelbe	2
Haufen	2
Typen	2
wenige	2
Alter	2
zufälligen	2
merkten	2
gemischten	2
Cook	2
Gedächtnisse	2
bemerkt	2
Begabung	2
unglaublichen	2
Griechen	2
Cicero	2
Reden	2
draußen	2
englische	2
beweisen	2
könntest	2
Einen	2
Jahres	2
untersuchen	2
Potenzial	2
interessanter	2
EP	2
leidet	2
Gedächtnisproblem	2
erstaunlich	2
bot	2
faszinierend	2
Stapel	2
Abhandlungen	2
Vorstellung	2
disziplinieren	2
kultivieren	2
erschien	2
Über	2
Reihe	2
moderne	2
einzigartig	2
Gedächtnismeistern	2
Struktur	2
verglichen	2
steckt	2
Bilder	2
Gehirnes	2
Gedächtnisses	2
benutzt	2
folgt	2
Merk	2
Weißt	2
Assoziationen	2
GedächtnisWettkämpfen	2
verwandeln	2
Schaffung	2
Dichter	2
besuchte	2
Gedicht	2
Nicht	2
gesessen	2
seinem	2
Telefonnummern	2
bitten	2
Bildern	2
halten	2
unvergesslichen	2
verrückten	2
gehst	2
siehst	2
wolltest	2
gegangen	2
Ansprachen	2
weiteren	2
gefahren	2
Experiment	2
Tricks	2
Funktionsweise	2
bauen	2
Bezug	2
zwingen	2
verarbeiten	2
normalerweise	2
Erinnerungen	2
Duckworth	2
unterrichtete	2
Siebtklässler	2
führte	2
Tests	2
stärksten	2
nachdenken	2
Fläche	2
Bildungswesen	2
Perspektive	2
messen	2
Situation	2
versuchten	2
vorauszusagen	2
Buchstabierwettbewerb	2
schwierigen	2
fragten	2
unterrichten	2
unterschiedlichen	2
zeigte	2
wahrscheinlicher	2
Talent	2
wachstumsorientierte	2
Dweck	2
Versagen	2
weit	2
Worten	2
descriptionAls	2
Fellow	2
Addis	2
Abeba	2
benötigen	2
Afrika	2
Gemeinde	2
Umwelt	2
Projekte	2
Schwellenländern	2
Äthiopien	2
wesentlicher	2
reichen	2
Markt	2
fasziniert	2
täglich	2
Aktivität	2
Shopping	2
Mall	2
Grundstück	2
richtigen	2
legten	2
Fassade	2
erkannt	2
zweite	2
Wohnungen	2
Tunis	2
durchzuführen	2
Linien	2
Blöcke	2
Größe	2
europäischen	2
Höfen	2
Zelle	2
Ausrichtung	2
geschaffen	2
Richtung	2
ausgerichtet	2
Verbindungen	2
Dichte	2
Beispiele	2
wachsen	2
wichtiger	2
abzielen	2
ONeill	2
Vorstellungen	2
Davon	2
Zunächst	2
zurückgegangen	2
Mir	2
Umfragen	2
Beweismaterial	2
misstraut	2
Politikern	2
erheben	2
allgemeine	2
Reaktion	2
beizubringen	2
Vertrauensunwürdigen	2
aktiv	2
gewissen	2
wichtigsten	2
betrachten	2
Experten	2
setzen	2
möchten	2
Beamte	2
Basis	2
einfaches	2
Socken	2
verletzlich	2
wichtige	2
Moral	2
erkennen	2
Beziehungen	2
adäquate	2
Beweise	2
Bösewicht	2
Glinda	2
Kleid	2
Trend	2
produziert	2
aufgesogen	2
Mut	2
Prinzessin	2
Helden	2
großziehen	2
Belohnung	2
abzuholen	2
Junge	2
Patriarchat	2
Merida	2
irgendetwas	2
tatsächlich	2
Zahl	2
Verfügung	2
Mädchenpower	2
Söhnen	2
NetflixWarteschleife	2
Definition	2
stellt	2
Heldinnen	2
ObiWan	2
Chancen	2
Wohlstand	2
Zusammenhang	2
Kleinstadtkindes	2
Somalias	2
dynamische	2
Großstadtträumen	2
alShabaab	2
gewartet	2
urbanen	2
rund	2
Jugend	2
Wachstum	2
Krankenhaus	2
Führungskräfte	2
vermieten	2
Geschäft	2
Florist	2
Unternehmertum	2
Mogadischus	2
Parks	2
bestärkte	2
verkauft	2
Parcak	2
Satellitenbilder	2
Sanddollars	2
kaum	2
Ägypten	2
Strand	2
heran	2
Meilen	2
Nils	2
Infrarot	2
Veränderungen	2
Ägypter	2
altägyptische	2
Epoche	2
viertausend	2
befand	2
findet	2
Schichten	2
anzeigen	2
Bewohnung	2
Tiefe	2
dichte	2
hundert	2
Mittlere	2
Juwelier	2
Steine	2
zeichnen	2
v	2
Chr	2
oben	2
komplexen	2
Hsueh	2
Chinesisch	2
nützlich	2
Schrifzeichen	2
Berg	2
bilden	2
bedeuten	2
Bäume	2
idiotisch	2
Flammen	2
übereinander	2
ergeben	2
ergibt	2
Ursprung	2
Berge	2
xml	1
version	1
encodingUTF	1
setidiwslttst	1
srclanggerman	1
urlhttpwwwtedcomtalkslangdemegjaywhyisnotthenewhtmlurl	1
klinische	1
gewagte	1
These	1
Entgegen	1
Auffassung	1
Wegwerfen	1
provozierenden	1
Heirat	1
wichtigen	1
könnendescription	1
keywordsagingcultureyouthkeywords	1
titleMeg	1
sindtitle	1
PsychotherapiePatientin	1
Doktorandin	1
studierte	1
Klinische	1
Psychologie	1
Berkeley	1
trug	1
Jeans	1
ausgebeultes	1
Top	1
Sofa	1
schleuderte	1
Sandalen	1
Männerprobleme	1
erleichtert	1
Kommilitonin	1
Brandstifter	1
Patienten	1
kriege	1
hingekriegt	1
nicken	1
herschoben	1
Heiraten	1
drängte	1
dagegen	1
Niveau	1
schläft	1
Schwachkopf	1
heiraten	1
Noch	1
AhaMoment	1
häuslich	1
nieder	1
Entwicklungsausfall	1
optimalen	1
Entwicklungszeit	1
saßen	1
verschwendeten	1
harmloser	1
Vernachlässigung	1
Konsequenzen	1
Nich	1
Karrieren	1
Aussichten	1
Bevölkerung	1
bedenkt	1
Meldet	1
euren	1
Oh	1
yeah	1
unglaublich	1
Schlaf	1
verliert	1
Großartig	1
Spezialgebiet	1
Soziologen	1
Neurologen	1
Fruchtbarkeitsspezialisten	1
längst	1
Einforderung	1
einfachsten	1
umwälzendsten	1
prägendsten	1
Momente	1
Entscheidungen	1
AhaErlebnissen	1
Werdet	1
panisch	1
Berufes	1
exponentielle	1
Amerikaner	1
zusammenlebt	1
zweites	1
letztes	1
Wachsen	1
abschließt	1
verdrahtet	1
Persönlichkeit	1
öfter	1
Fruchtbarkeit	1
kompliziert	1
weiterbilden	1
Kindes	1
Spracherwerb	1
Bindung	1
entscheidend	1
gewöhnliche	1
übermäßigen	1
ErwachsenenEntwicklung	1
ausschlaggebende	1
Presse	1
Zeitverschiebung	1
Erwachsenwerdens	1
Wissenschaftler	1
verlängerte	1
Pubertät	1
dumme	1
Spitznamen	1
Twixters	1
Kidults	1
KindErwachsene	1
trivialisiert	1
entscheidende	1
Erwachsenwerden	1
Leonard	1
Bernstein	1
Stimmt	1
jemandem	1
tätschelt	1
bekommst	1
zusätzlich	1
Gar	1
Ambition	1
Dringlichkeit	1
beraubt	1
intelligente	1
interessante	1
Töchter	1
schlage	1
geschafft	1
vorzuweisen	1
Lebenslauf	1
abgeschlossen	1
Partnersuche	1
Jerusalem	1
liefen	1
Musik	1
hinzusetzen	1
Einzige	1
Wo	1
Fehler	1
vieles	1
übertragen	1
enormen	1
Druck	1
auszuwählen	1
kürzeren	1
Zeitspanne	1
inkompatibel	1
Forschungsergebnisse	1
mühsamer	1
stressiger	1
PostMilleniumsMidlifeKrise	1
Sportwagen	1
Geschwister	1
gedacht	1
ablaufen	1
ausdrückte	1
Bereich	1
Entertainment	1
entschieden	1
vergangenen	1
gekellnert	1
Temperament	1
Ambitionen	1
walten	1
schlimmer	1
Sitzungen	1
sammelte	1
Deine	1
niedergeschlagen	1
Kontakte	1
einzutragen	1
starrte	1
Wörtern	1
benachrichtigen	1
ansah	1
Autounfall	1
versorgen	1
zusammenreißen	1
Therapeutin	1
kümmerte	1
Patientin	1
dazugelernt	1
zuzusehen	1
ausschlaggebendes	1
Wohlgefallen	1
auflöste	1
Wochen	1
Monaten	1
vielmehr	1
aneignen	1
weiterbringen	1
Investition	1
investiert	1
Nächstes	1
beruflichen	1
Werdegang	1
aussieht	1
Praktikum	1
Startup	1
wolltet	1
schmälere	1
zählen	1
übrigens	1
Prokastination	1
Erkunde	1
Arbeitswelt	1
mach	1
draus	1
Sippschaft	1
überbewertet	1
prima	1
aufeinander	1
hocken	1
grenzen	1
wen	1
Etwas	1
Verabreden	1
meistens	1
Umfelds	1
Neue	1
sog	1
Bündnissen	1
unterbeschäftigt	1
beschäftigt	1
Bündnisse	1
hingebracht	1
ausgeschrieben	1
eures	1
kontaktiert	1
erhaltet	1
ausgeschriebenen	1
Betrug	1
verbreiten	1
glaubte	1
stimmte	1
aussuchte	1
werdet	1
niederzulassen	1
stimme	1
irgendeinen	1
schläfst	1
lebst	1
Facebook	1
Fortschritt	1
zielstrebig	1
eurer	1
Arbeitssuche	1
Eure	1
totzuschlagen	1
ausgesucht	1
Mitbewohner	1
Cousine	1
Bundesstaat	1
Museum	1
arbeitete	1
Arbeitsangebot	1
EventPlanerin	1
Museen	1
sandt	1
Zeile	1
klingt	1
jährigen	1
startbereite	1
Flugzeuge	1
begeben	1
Start	1
Kurswechsel	1
Alaska	1
Fidschi	1
landet	1
gilt	1
toller	1
Urlaub	1
inspirierender	1
TEDTalk	1
kommende	1
Generationen	1
hinweg	1
kennt	1
mitzuteilen	1
erlangt	1
Bande	1
Definiert	1
wisst	1
entscheidet	1
urlhttpwwwtedcomtalkslangdejinhaleeatoolthatletsyoutouchpixelshtmlurl	1
umgeben	1
schmaler	1
Jinha	1
komplett	1
auflösen	1
atemberaubenden	1
demonstriert	1
Stift	1
dreidimensionale	1
malen	1
Computerprototyp	1
hineinreichen	1
Objekte	1
manipulieren	1
lässtdescription	1
Fellowscomputersdesigninterface	1
designtechnologykeywords	1
titleJinha	1
packentitle	1
gesamten	1
Computergeschichte	1
verkleinern	1
Lücke	1
ausleben	1
Millimeter	1
Dicke	1
Touchscreenscheibe	1
erreichbar	1
überhaupt	1
drückt	1
verwandelt	1
physikalische	1
Pixeln	1
D	1
Chirurgen	1
Organen	1
üben	1
durchbrochen	1
Bildschirms	1
Geschicktheit	1
ausnutzen	1
Applied	1
Sciences	1
Mentor	1
Cati	1
Boulanger	1
neuentwickelt	1
Arbeitsplatz	1
umfunktioniert	1
Dadurch	1
transparenter	1
Tiefenkameras	1
Erfassen	1
Fingern	1
kombiniert	1
hochheben	1
DRaum	1
Fenster	1
Dateien	1
tatsächlichen	1
auswählen	1
Regal	1
greift	1
blättern	1
Zeilen	1
markieren	1
Touchpad	1
unterhalb	1
Fensters	1
Architekten	1
strecken	1
rotieren	1
Beispielen	1
Ganze	1
umdrehen	1
Sicher	1
Artikel	1
zurückzugeben	1
Sorgen	1
OnlineAugmentedAnkleidekabine	1
Sicht	1
erhält	1
befestigtes	1
durchsichtiges	1
Display	1
System	1
Körpers	1
weiterführend	1
physikalisch	1
solche	1
MIT	1
Media	1
Lab	1
Berater	1
Hirishi	1
Ishii	1
Rehmi	1
Post	1
reales	1
erstellt	1
verhält	1
runde	1
Magnet	1
dreidimensionales	1
sowohl	1
bewegen	1
zumindest	1
DRaumes	1
Effektiv	1
Schwerkraft	1
ausgeschaltet	1
kontrollieren	1
magnetische	1
Levitation	1
Antrieb	1
Erfassungstechnologien	1
kombinieren	1
digital	1
programmieren	1
Beschränkungen	1
Bewegungen	1
wiedergegeben	1
dauerhaft	1
gelassen	1
zB	1
Choreografien	1
weite	1
Entfernungen	1
Michael	1
Jordans	1
berühmter	1
Wurf	1
wirklichen	1
nachgeahmt	1
komplexe	1
Planetenbewegung	1
Physik	1
Computerbildschirmen	1
Textbüchern	1
reale	1
greifbare	1
berühren	1
befühlen	1
mächtig	1
spannender	1
momentan	1
Programmieren	1
ehen	1
trennen	1
angefangen	1
Grenzen	1
sprachen	1
entfernen	1
urlhttpwwwtedcomtalkslangdelisabuhowbookscanopenyourmindhtmlurl	1
Kindestagen	1
Lisa	1
wendet	1
erweitern	1
großartigen	1
persönlichen	1
Talk	1
Bücherndescription	1
keywordscreativitycultureentertainmentliteraturekeywords	1
titleLisa	1
beleben	1
könnentitle	1
Turnerin	1
Hunan	1
Athleten	1
Unkosten	1
bezahlt	1
Kulturrevolution	1
überlebt	1
sicherer	1
bezahlter	1
imaginären	1
Klavier	1
spiele	1
früh	1
AkrobatikTraining	1
Opernschule	1
schrieb	1
Schuldirektor	1
Moderator	1
Radioshow	1
mochten	1
ernst	1
unterstützten	1
Training	1
anzufangen	1
zweiter	1
Wahl	1
erhoffen	1
ungerecht	1
gesetzt	1
Berufung	1
Keiner	1
lehren	1
wendete	1
stillte	1
elterlichem	1
Schriftsteller	1
Musikerfamilie	1
Briefe	1
Fu	1
Lei	1
unabhängigen	1
konfuzianische	1
Jane	1
Eyre	1
Dutzend	1
inspiriert	1
Sanmaos	1
Gesamtwerk	1
Nan	1
Huaijin	1
Natürlich	1
verboten	1
Bauern	1
eignet	1
Propaganda	1
Hab	1
fünfte	1
Gebot	1
Erleuchtung	1
sollst	1
ehren	1
Ehre	1
konfuzianischen	1
Schuldgefühl	1
erneuern	1
Begegnung	1
vergleichenden	1
gewährt	1
zunächst	1
angeordnet	1
aufwachsen	1
persönliche	1
vergleichende	1
Neues	1
akademischen	1
Standardverfahren	1
Forschungsbereiche	1
Religionswissenschaft	1
Literaturwissenschaft	1
Gegenüberstellung	1
komplexeres	1
Themas	1
vergleichendes	1
Benjamin	1
Franklin	1
Walter	1
Isaacson	1
Adams	1
David	1
McCullough	1
Ereignis	1
beteiligt	1
drucken	1
Katharine	1
Graham	1
Warren	1
Buffet	1
Schneeball	1
Alice	1
Schroeder	1
vergleiche	1
dieselben	1
Genres	1
KingJamesBibel	1
Biff	1
Christopher	1
Moore	1
Kulturen	1
Campbells	1
wunderbarem	1
Lebendiger	1
Mythos	1
Campbell	1
mussten	1
widerstehen	1
wirtschaftlicher	1
politischer	1
spiritueller	1
psychologischer	1
Lust	1
Furcht	1
Pflicht	1
Fremdsprache	1
Lieblingsbücher	1
Sprachen	1
Sinfonie	1
Seevogel	1
Thomas	1
Merton	1
Wassers	1
Lebensweisheit	1
Taoismus	1
Alan	1
Watts	1
Anstatt	1
wieviel	1
Huch	1
Braut	1
Ohoh	1
magisches	1
Tor	1
einsam	1
durchgemacht	1
Traumes	1
wichtigster	1
Berührung	1
stammen	1
herkommen	1
Sogar	1
Wegen	1
glücklich	1
klarem	1
Mögen	1
urlhttpwwwtedcomtalkslangdeparulsehgalanodetoenvyhtmlurl	1
treibt	1
heimlich	1
erfassen	1
Parul	1
eloquenten	1
Betrachtung	1
untersucht	1
literarische	1
Werke	1
demonstrieren	1
Wissendescription	1
keywordsbookcultureliteratureloverelationshipssexwritingkeywords	1
titleParul	1
Ode	1
Neidtitle	1
beeindruckend	1
niedliches	1
Geografie	1
teuflischen	1
ausgebrütet	1
Mädchentoilette	1
versteckt	1
Notenbuch	1
Lehrerschreibtisch	1
tat	1
manipulierte	1
Rivalin	1
zurücklegen	1
Klassenkameraden	1
korrigierte	1
Eifersuchtsrausch	1
Fantasie	1
verdutzt	1
Gedanke	1
gefühlt	1
fühlte	1
bestraft	1
erwischt	1
störte	1
tiefgreifend	1
Babys	1
Primaten	1
Hüttensänger	1
anfällig	1
Hauptgrund	1
Mord	1
Eheleuten	1
erklären	1
analysiert	1
Übertreibung	1
untreue	1
Helena	1
Odyssee	1
König	1
Nacht	1
Shakespeare	1
Leselisten	1
USSchulen	1
dahin	1
Schall	1
Wahn	1
Gatsby	1
Fiesta	1
Madame	1
Bovary	1
Anna	1
Karenina	1
Mode	1
puncto	1
feiern	1
Jubiläums	1
seines	1
Meisterwerks	1
gründlichen	1
sexuellen	1
normalen	1
Wettstreits	1
Ding	1
Gefühle	1
schlafen	1
Kuchen	1
LavendelTee	1
eingetaucht	1
rau	1
Vision	1
erbarmungslos	1
Virginia	1
Woolf	1
zäh	1
eindrucksvoll	1
zusammenpassen	1
reduziert	1
Begehren	1
Hindernis	1
feste	1
Grundlage	1
Schmerzgrenze	1
konzipiert	1
Erzähler	1
Publikum	1
beinhalten	1
Messer	1
Rippen	1
stoßen	1
AmateurRomanautoren	1
kannte	1
Swanns	1
RomanReihe	1
Protagonisten	1
liebevoll	1
Geliebte	1
Proustsche	1
Flüsse	1
Warte	1
anderer	1
bereitet	1
bereiten	1
schreibt	1
Reiz	1
entdeckt	1
Instrumentensammlung	1
privaten	1
Folterkammer	1
hinzufügt	1
zugeben	1
notorisch	1
Prousts	1
einzuräumen	1
harte	1
ermüdend	1
hungriges	1
genährt	1
niedliche	1
Fotos	1
Instagram	1
verbindet	1
Eifersuchtsschübe	1
erfährt	1
lauscht	1
Diener	1
besticht	1
verteidigt	1
abstoßend	1
Anderes	1
Text	1
interpretieren	1
Denkmal	1
wissenschaftliche	1
Untersuchungen	1
echtem	1
intellektuellem	1
unerträglich	1
albern	1
Kern	1
schmerzhaften	1
betrifft	1
Je	1
schmerzhafter	1
Kummer	1
Demütigung	1
Verlust	1
Weisheit	1
entlockt	1
größeres	1
breiteres	1
Spektrum	1
Gefühlen	1
Sagt	1
grausame	1
öffnet	1
Enthüllt	1
Aggression	1
versteckten	1
Ehrgeiz	1
unsern	1
Anspruch	1
Lehrt	1
seltsamer	1
Intensität	1
besorgten	1
aufgesucht	1
Gedanken	1
verzehrt	1
betrügt	1
hinschaut	1
unschuldig	1
arme	1
Kreatur	1
grundlos	1
Verdacht	1
Stattdessen	1
bemerken	1
unabsichtliches	1
Lächelt	1
stößt	1
Hüter	1
Unterbewusstseins	1
schult	1
intensiv	1
zieht	1
Fantasien	1
illegale	1
veranlasst	1
erfinderisch	1
Michigan	1
festgenommen	1
erstellten	1
FacebookAccount	1
anstößige	1
widerliche	1
ganzes	1
ExFreundes	1
schieben	1
gebe	1
reagierte	1
Bewunderung	1
Welch	1
ungeheure	1
deplatzierte	1
Kreativität	1
Patricia	1
Lieblingsschriftstellerinnen	1
brillanteste	1
seltsamste	1
amerikanischen	1
Fremde	1
Zug	1
Sphäre	1
Membran	1
durchbohrt	1
berühmteste	1
Erdboden	1
verschwunden	1
Schmuck	1
leert	1
Bankkonto	1
manchen	1
Schande	1
neidvollen	1
eifersuchtsanfälligen	1
Währung	1
Neid	1
Tun	1
Besitz	1
Rätsels	1
Gehen	1
Baker	1
Street	1
Nemesis	1
Professor	1
Moriarty	1
geniale	1
Verbrecher	1
mochte	1
Inspector	1
Ratte	1
dringend	1
schäumt	1
sozusagen	1
Verbitterung	1
zusammenarbeiten	1
Napoleons	1
hereinkommt	1
neidisch	1
stolz	1
fügt	1
hinzu	1
schütteln	1
Male	1
gerührt	1
bewegend	1
emotionales	1
Plötzlich	1
bewundern	1
vorher	1
ginge	1
jemandes	1
Exzellenz	1
übelnehmen	1
aneinander	1
ausrichten	1
Notfallpläne	1
warten	1
Trost	1
enträtselt	1
zähmen	1
lädt	1
zusammenkommt	1
furchterregende	1
Marcel	1
befinden	1
exzellenter	1
urlhttpwwwtedcomtalkslangderobinnaglewhatidiscoveredinnewyorkcitytrashhtmlurl	1
Einwohner	1
erstaunliche	1
Robin	1
klingende	1
komplizierte	1
beantworten	1
aufdescription	1
keywordsanthropologybusinessculturekeywords	1
titleRobin	1
entdecktetitle	1
CampingAusflug	1
AdirondackGebirge	1
Wildnisgebiet	1
nördlichen	1
Staates	1
wunderschöner	1
funkelte	1
Blätter	1
gefärbtes	1
Pfad	1
beinahe	1
annehmen	1
Zeltplatz	1
Hütte	1
Klippe	1
blickte	1
kristallklaren	1
wunderschönen	1
See	1
auffiel	1
Hinter	1
Müllkippe	1
Quadratmeter	1
ApfelKerngehäusen	1
zusammengeballter	1
Aluminiumfolie	1
Turnschuh	1
erstaunt	1
Zeltenden	1
wegzubringen	1
hergebracht	1
aufräumen	1
verallgemeinerte	1
Istanbul	1
Rio	1
Paris	1
RecyclingStoffe	1
Individuen	1
Bürde	1
interviewte	1
Büros	1
Außenseiter	1
tiefer	1
Reinigungskraft	1
pflügte	1
Schnee	1
bemerkenswertes	1
aufregende	1
fragt	1
Gestank	1
präsent	1
schlimm	1
Deren	1
gewöhnten	1
auferlegen	1
Gefahr	1
Arbeitsministeriums	1
gefährlichsten	1
saust	1
häufig	1
passen	1
Autofahrer	1
Arbeiter	1
Giften	1
runterfallen	1
anrichten	1
Unbarmherzigkeit	1
Mülls	1
Bordsteinkante	1
Rückseite	1
Naturgewalt	1
Atmung	1
Zirkulation	1
legt	1
unsichtbar	1
welchem	1
Wagen	1
blockiert	1
Pause	1
nah	1
Kaffee	1
Lokal	1
trinkt	1
verhöhnen	1
ironisch	1
wichtigste	1
Arbeitskräfte	1
Wächter	1
entfernten	1
Behältern	1
quillen	1
Gefahren	1
bedrohen	1
realem	1
Krankheiten	1
Jahrzehnten	1
Jahrhunderten	1
Kontrolle	1
ausbreiten	1
schaden	1
Kram	1
wegwerfen	1
Platz	1
Motoren	1
fangen	1
stottern	1
Konsum	1
ausgebremst	1
bewerbe	1
Kapitalismus	1
weise	1
Wechselbeziehung	1
nötige	1
Kaffeebecher	1
Tasche	1
Wasserflasche	1
reparieren	1
reinigen	1
herumzutragen	1
vorschlagen	1
nachhaltig	1
human	1
liturgisch	1
regelmäßig	1
Uniformen	1
erwarten	1
Rückversicherung	1
Absonderungen	1
Abgestoßenen	1
Donner	1
griff	1
rannte	1
Treppen	1
herunter	1
PapierRecyclingRoute	1
Mittwoch	1
weinen	1
nickte	1
traf	1
Bemühungen	1
Planet	1
Spezies	1
beachten	1
inklusive	1
müssten	1
informiert	1
Nachhaltigkeit	1
StraßenrandRecycling	1
bemerkenswerter	1
Länder	1
blicken	1
verringert	1
Produktion	1
industrielle	1
Städtischer	1
woran	1
Abfallstroms	1
bemerkenswerte	1
Ihrer	1
dessen	1
sauber	1
wahrzunehmen	1
bedanken	1
urlhttpwwwtedcomtalkslangdemaysoonzayidigotproblemspalsyisjustonehtmlurl	1
descriptionIch	1
kündigt	1
ungeheuer	1
witzigen	1
erheiternden	1
treffen	1
Elegant	1
scharfsinnig	1
arabischamerikanische	1
Philanthropin	1
Fürsprecherin	1
mitdescription	1
keywordscomedyentertainmentwomenkeywords	1
titleMaysoon	1
davontitle	1
reicht	1
betrunken	1
Arzt	1
schnitt	1
Richtungen	1
schnürte	1
armen	1
Kleinen	1
Darum	1
infantile	1
Schaut	1
anstrengend	1
Kreuzung	1
genetisch	1
Geburtsfehler	1
Gebärmutter	1
verhext	1
Cousins	1
Grades	1
Unfälle	1
warnen	1
Mitleid	1
Behindertsein	1
geträumt	1
Kommt	1
Weihnachten	1
Kreise	1
Parkplatz	1
seht	1
Sechzehn	1
Behindertenparkplätze	1
Olympiade	1
Unterdrückung	1
bekäme	1
Goldmedaille	1
Palästinenserin	1
Muslima	1
lebe	1
fühlt	1
Cliffside	1
Park	1
Gebrechen	1
Wohnort	1
Initialen	1
Mantra	1
Vaters	1
wischten	1
wischte	1
öffentliche	1
verklagten	1
Schulsystem	1
Pantoffel	1
übergebraten	1
Fersen	1
Füße	1
platzierte	1
herumlief	1
Taktiken	1
Dollarnote	1
baumeln	1
fange	1
innere	1
Stripperin	1
Champion	1
abbekommen	1
Damals	1
gemerkt	1
Italiener	1
angebracht	1
hielten	1
hasse	1
Moslems	1
Wahlkampfmotto	1
durchaus	1
besorgt	1
Ramadan	1
verhungern	1
Körperfett	1
Monate	1
Fasten	1
untergang	1
Kinderspiel	1
gesteppt	1
Total	1
Physiotherapie	1
schickten	1
Tanzschule	1
chic	1
Freundinnen	1
Absätze	1
trugen	1
Küste	1
Kriegsgebiet	1
Palästina	1
zurückgehen	1
Madonna	1
trank	1
Milch	1
Hirschkühen	1
geschröpft	1
Tote	1
getunkt	1
brannte	1
Wunderkur	1
langweilig	1
Standup	1
Comedian	1
bläuten	1
allem	1
General	1
Hospital	1
mitzuspielen	1
Aufgrund	1
Förderung	1
Minderheiten	1
tolles	1
Stipendium	1
Arizona	1
State	1
vertrat	1
quasi	1
Hausäffchen	1
liebten	1
erledigte	1
cleveren	1
Jedes	1
Glasmenagerie	1
spielte	1
schluchzten	1
Abschlussjahr	1
plante	1
Titel	1
tanzen	1
Jackson	1
langsam	1
jubelte	1
bekomme	1
endlich	1
Sherry	1
Brown	1
Leiterin	1
Katze	1
erschossen	1
befürchteten	1
hinkriegen	1
regelrecht	1
imitierte	1
erbärmlicherweise	1
körperlich	1
gesunde	1
Behinderte	1
zog	1
Statistin	1
Restaurantgast	1
bester	1
aufsteigen	1
glorifiziertes	1
Möbelstück	1
Hinterkopf	1
erkennbar	1
lockerflockigen	1
ethnischen	1
behinderten	1
einstellten	1
Regel	1
Whoopi	1
Goldberg	1
Roseanne	1
Barr	1
Ellen	1
Komikerinnen	1
berühmte	1
Komiker	1
Komikers	1
Mädel	1
Fahrerin	1
Clubs	1
aufgetreten	1
Nahen	1
unzensiert	1
unverhüllt	1
Gerücht	1
witzig	1
schreiend	1
komisch	1
begannen	1
Bruder	1
Dean	1
Obeidallah	1
Amerikanischen	1
ComedyFestival	1
Jähriges	1
feiert	1
negative	1
Amerikanern	1
arabischer	1
Südasien	1
Arabien	1
synonym	1
Gleichstellung	1
Arabern	1
anzukommen	1
Durchbruch	1
Nachrichtensendung	1
Countdown	1
with	1
Abschlussball	1
angezogen	1
schoben	1
drehenden	1
Bühnenmanagerin	1
Fünf	1
live	1
Gastgebers	1
festhalten	1
rollte	1
Interview	1
versaut	1
laden	1
lud	1
VollzeitMitarbeiter	1
klebte	1
Tolles	1
Drecksäcke	1
grausam	1
lustig	1
World	1
Wide	1
Web	1
Freiwild	1
Videos	1
anschaue	1
Kommentare	1
bekloppt	1
Favorit	1
Armer	1
HängelippenTerrorist	1
ne	1
Krankheit	1
beten	1
schlug	1
Credits	1
aufzunehmen	1
Drehbuchautorin	1
sichtbar	1
Behinderten	1
Applaus	1
wert	1
Los	1
unterrepräsentierteste	1
Unterhaltungsbranche	1
Ärzte	1
sitze	1
aufgewachsen	1
hoffe	1
positiveres	1
Hass	1
erziehen	1
Umwegen	1
Teppich	1
neben	1
SeifenopernStar	1
Susan	1
Lucci	1
ikonischen	1
Lorraine	1
Arbus	1
Adam	1
Sandler	1
Idol	1
wunderbaren	1
Dave	1
Matthews	1
Hauptfigur	1
ComedyTour	1
Arabs	1
Gone	1
Wild	1
gereist	1
Repräsentantin	1
Bundesstaats	1
Democratic	1
National	1
Committee	1
Maysoons	1
Kids	1
wohltätigen	1
Verein	1
palästinensischen	1
Flüchtlingskindern	1
Bruchteil	1
auftrat	1
Schmetterling	1
Biene	1
sticht	1
Parkinson	1
zappelt	1
LiveAuftritt	1
widme	1
Gedenken	1
Möge	1
Seele	1
gnädig	1
Papa	1
könnt	1
urlhttpwwwtedcomtalkslangdejasonpontincantechnologysolveourbigproblemshtmlurl	1
descriptionIm	1
katapultierte	1
Aldrins	1
historisches	1
Betreten	1
Mondes	1
Zeitalter	1
voller	1
überwältigende	1
Kraft	1
Schnellvorlauf	1
vorzuzeigen	1
Jason	1
Pontin	1
sinddescription	1
keywordsNASAastronomyspacetechnologykeywords	1
title	1
Kann	1
lösentitle	1
lösten	1
Juli	1
kletterte	1
Mondlandefähre	1
stieg	1
hinab	1
Ruhe	1
grauen	1
Mondoberfläche	1
ausdauernden	1
gemeinschaftlichen	1
Bestrebens	1
ApolloProgramm	1
Friedensmobilisierung	1
gelangen	1
investierte	1
Milliarden	1
Dollar	1
entsprechend	1
heutigem	1
Bundeshaushaltes	1
schuf	1
Arbeitsplätze	1
erforderte	1
Zusammenarbeit	1
Universitäten	1
Behörden	1
starben	1
darunter	1
ApolloProgramms	1
zwölf	1
Oberfläche	1
beschritten	1
älteste	1
brachten	1
Kilogramm	1
altes	1
Gestein	1
betonten	1
gemeinsames	1
Zuhause	1
klein	1
zerbrechlich	1
Zynisch	1
Sowjets	1
Nation	1
Raketen	1
Kennedys	1
Rice	1
Zeitgenossen	1
Sieg	1
Krieges	1
jener	1
stärkste	1
Erstaunens	1
übernatürlichen	1
Kräfte	1
Großartiges	1
Mondlandung	1
Kulisse	1
Serie	1
Triumphe	1
Fließband	1
Flugzeug	1
Penicillin	1
Impfstoff	1
Tuberkulose	1
Polio	1
Pocken	1
ausgerottet	1
schien	1
Alvin	1
Toffler	1
beschleunigenden	1
Vorstoß	1
nannte	1
Boot	1
Segeln	1
fortbewegen	1
flog	1
Mannschaft	1
Kilometern	1
pro	1
Wesen	1
unbekümmerte	1
Optimismus	1
verdampft	1
gehofft	1
saubere	1
mittlerweile	1
unlösbar	1
Fünfjähriger	1
Abheben	1
warnte	1
feurigen	1
Auspuff	1
SaturnVRakete	1
Ahnung	1
Mondmission	1
hundertprozentig	1
Kolonien	1
Ausspruch	1
Plattitüde	1
Technologen	1
abgelenkt	1
belanglosen	1
Spielzeugen	1
iPhones	1
Algorithmen	1
automatischen	1
Geschäftsverkehr	1
beschleunigen	1
falsch	1
verlängert	1
biedere	1
zugibt	1
letzter	1
ehrgeizige	1
gefördert	1
Intel	1
Apple	1
Genentech	1
Märkte	1
Besonderen	1
Prämien	1
Risikoanleger	1
weltverändernde	1
wachsende	1
erfundene	1
Selbst	1
risikofreundlichen	1
zogen	1
Winzige	1
Investitionen	1
Ausstiegsmöglichkeit	1
Investoren	1
Mühe	1
rentabel	1
investieren	1
enormes	1
Eigenkapital	1
erfordern	1
langwierig	1
unmittelbaren	1
kommerziellen	1
komplizierter	1
tiefgründiger	1
entscheiden	1
beheben	1
Entscheidung	1
öffentlicher	1
Beliebtheit	1
wichtigere	1
scheitern	1
Energieverbrauchs	1
fortgeschrittenen	1
erneuerbaren	1
wirtschaftlich	1
Kohle	1
Erdgas	1
Erdöl	1
alternative	1
Energiequellen	1
preislich	1
mithalten	1
Entwickler	1
Unternehmensführer	1
Wirtschaftswissenschaftler	1
Praktiken	1
Energien	1
vorantreiben	1
Hauptsächlich	1
erheblicher	1
Zuwachs	1
Energietechnologien	1
erhöhter	1
Kohlenstoff	1
derzeitigen	1
Energiepolitik	1
aufnehmen	1
wiedergeben	1
tiefgründige	1
technisch	1
lösbar	1
erschienen	1
geglaubt	1
Scheitern	1
Lebensmittelversorgung	1
Krisen	1
katastrophale	1
Lebensmittelverteilung	1
Ernteertrag	1
Lagerung	1
Transport	1
Lebensmitteln	1
Hungersnot	1
mangelhafte	1
Regierungen	1
Letztlich	1
Problemen	1
entzogen	1
Nixon	1
welchen	1
verflixt	1
widerstandsfähig	1
Therapie	1
effektive	1
realistische	1
Therapien	1
Wirklichkeit	1
Schwierige	1
Elemente	1
vorhanden	1
Führende	1
Öffentlichkeit	1
Institutionen	1
technisches	1
Apollomission	1
Metapher	1
Kriterien	1
Modell	1
dramatischmitreißenden	1
Kampf	1
schwierige	1
gefährliche	1
Heldentat	1
beliebte	1
ScienceFictionMythologie	1
Erforschung	1
Sonnensystems	1
allermeisten	1
entfernt	1
diskutabel	1
gelöst	1
schwieriger	1
Weiß	1
jedenfalls	1
urlhttpwwwtedcomtalkslangdejoshuafoerfeatsofmemoryanyonecandohtmlurl	1
descriptionEs	1
kürzester	1
Tausende	1
Karten	1
mehreren	1
Decks	1
Joshua	1
nennt	1
beachtenswerteste	1
eingeschlossen	1
erlernendescription	1
keywordsbrainculturememoryneurosciencesciencekeywords	1
titleJoshua	1
Gedächtnisleistungen	1
jedermanntitle	1
einladen	1
Stell	1
Betrachte	1
Material	1
übergewichtiger	1
FKKler	1
Fahrrädern	1
nacktes	1
Fahrradrennen	1
strampeln	1
schwitzen	1
wabbeln	1
krachen	1
Fahrräder	1
Räder	1
kreuz	1
quer	1
Speichen	1
verkeilen	1
prekären	1
Stellen	1
Schwelle	1
Diele	1
Flur	1
Wohnungstür	1
genieße	1
winkt	1
Pferdes	1
Einem	1
spüren	1
blaues	1
kitzelt	1
riechst	1
Schokokeks	1
schiebt	1
Geh	1
Wohnzimmer	1
Leistung	1
Kleider	1
bedecken	1
Allernötigste	1
singt	1
Hit	1
Me	1
One	1
More	1
Time	1
Wohnzimmertisch	1
folge	1
Boden	1
Pflasterstraße	1
ersetzt	1
Ofen	1
Zinnmann	1
Vogelscheuche	1
Löwe	1
entgegen	1
hüpfen	1
Okay	1
öffne	1
bizarren	1
Wettbewerb	1
Frühling	1
abgehalten	1
United	1
States	1
Memory	1
Championship	1
berichten	1
erwartete	1
Jahrestagung	1
Inselbegabten	1
vorzufinden	1
Damen	1
unterschiedlichem	1
Hygienestandard	1
prägten	1
einmaligem	1
Betrachten	1
Hunderte	1
Lernten	1
Dutzenden	1
Aberdutzenden	1
Unbekannten	1
Gedichte	1
konkurrierten	1
schnellsten	1
übernatürliche	1
Fähigkeiten	1
unterhalten	1
England	1
hergekommen	1
besttrainierten	1
Inselbegabter	1
durchschnittliches	1
antritt	1
Durchschnittsgedächtnis	1
mittels	1
antiker	1
Gedächtniskunststücke	1
vollführen	1
Dieselben	1
nutzte	1
mittelalterliche	1
Gelehrte	1
Wow	1
standen	1
Wettkampfhalle	1
wunderbare	1
brillante	1
exzentrische	1
Josh	1
amerikanischer	1
Kennst	1
Nee	1
USFernsehen	1
seltsamen	1
getroffen	1
Gedächtnisverlust	1
vermutlich	1
schlechteste	1
Obwohl	1
tragisch	1
Spektrums	1
Kim	1
Peek	1
Vorlage	1
Dustin	1
Hoffmans	1
Rain	1
Nachmittag	1
Bücherei	1
Salt	1
Lake	1
Telefonbücher	1
Altertum	1
Latein	1
Mittelalter	1
Besonders	1
faszinierte	1
nahezu	1
fremd	1
investierten	1
aufwändig	1
möblierten	1
Jahrtausende	1
Alphabet	1
Schriftrolle	1
Kodex	1
Buchdruck	1
Photographie	1
Smartphone	1
extern	1
lagern	1
fundamental	1
auszugliedern	1
ermöglicht	1
kulturell	1
behaupten	1
kognitiv	1
Ohne	1
Notwendigkeit	1
leidenschaftlich	1
GedächtnisWettkampf	1
Wettkämpfe	1
Bann	1
gezogen	1
Forschungsgruppe	1
College	1
Anatomie	1
Gehirne	1
klüger	1
Kognitionstests	1
Eigentlich	1
allerdings	1
interessanten	1
vielsagenden	1
Gedächtnismeisters	1
Kontrollperson	1
fMRIMaschine	1
scannt	1
Gesichter	1
Schneeflocken	1
Regionen	1
aufleuchten	1
räumliche	1
Navigieren	1
Wettrüsten	1
schnelleren	1
Einprägen	1
auftrumpft	1
Feldes	1
aufholen	1
Ben	1
Pridmore	1
dreimaliger	1
GedächtnisWeltmeister	1
gemischte	1
Einziger	1
gemeistert	1
verwendete	1
genaue	1
Binärzahlen	1
halben	1
Unmenge	1
verschiedenste	1
Wettkämpfen	1
basieren	1
elaborative	1
encoding	1
genannte	1
BäckerBäckerParadox	1
illustriert	1
elegant	1
lautet	1
Personen	1
selbe	1
späteren	1
komme	1
geringerer	1
Wahrscheinlichkeit	1
Bäckerberuf	1
Gleiches	1
unterschiedliches	1
Erinnerungsvermögen	1
unabhängig	1
Erinnerungsstücken	1
schwirren	1
Bäckers	1
komische	1
weiße	1
Mützen	1
Mehl	1
riechen	1
verknüpfen	1
Erinnerte	1
wiederzufinden	1
Information	1
verknüpft	1
weder	1
existierenden	1
Gedächtnisfragmenten	1
ausgefeilteren	1
hierfür	1
datiert	1
Festmahl	1
zuständig	1
damals	1
Party	1
schmeißen	1
engagierte	1
DJ	1
verlässt	1
Halle	1
begräbt	1
Gäste	1
Unkenntlichkeit	1
entstellt	1
niemand	1
bestattet	1
Tragödie	1
Überlebende	1
Katastrophe	1
schließt	1
begreift	1
welcher	1
Verbliebenden	1
Trümmer	1
Verstorbenen	1
verstand	1
intuitiv	1
wörtliche	1
Anweisungen	1
Kollegen	1
visuelles	1
räumliches	1
Würde	1
zehn	1
wiederholen	1
würdet	1
wette	1
Foyer	1
sitzt	1
könntet	1
problemlos	1
visualisieren	1
Gedächtnispalastes	1
vorm	1
erbauen	1
erinnernden	1
füllen	1
bunter	1
bizarrer	1
lustiger	1
dreckiger	1
stinkender	1
stärker	1
brennt	1
Ratschlag	1
lateinischen	1
Texte	1
Angenommen	1
TEDxRome	1
vorgehen	1
verdrehte	1
erstes	1
total	1
erinnerst	1
lustige	1
Anekdote	1
vierte	1
seltsame	1
römische	1
Redner	1
Begriff	1
topic	1
sentence	1
beschreibender	1
Satz	1
griechischen	1
topos	1
Überreste	1
Rhetorik	1
räumlichen	1
Begriffen	1
Formulierung	1
Längeres	1
Subkultur	1
kompetitiven	1
Erinnerns	1
GedächtnisWettkämpfe	1
totlangweilige	1
Veranstaltungen	1
sitzen	1
Test	1
aufregend	1
Schläfe	1
reibt	1
brauche	1
worüber	1
lohnt	1
atemberaubendsten	1
Köpfen	1
Zugriff	1
versetzen	1
Zeitung	1
hinsetze	1
irgend	1
Jahrbuch	1
Flohmarkt	1
feststellen	1
farbenfrohen	1
dreckigen	1
hoffentlich	1
erträumen	1
vertiefte	1
StandardGedächtniswettbewerbsTrainingsset	1
Paar	1
Ohrschützer	1
Schutzbrille	1
Streifen	1
abgedeckt	1
Ablenkung	1
Feind	1
GedächtnisWettkämpfers	1
selben	1
besucht	1
schwebte	1
teilzunehmen	1
journalistisches	1
netter	1
Epilog	1
geplant	1
verlief	1
gewann	1
nett	1
Einkaufslisten	1
erzielen	1
Gedächtnispaläste	1
Einblick	1
deines	1
profitieren	1
gutem	1
antrainiert	1
aufpassen	1
engagiert	1
Möglichkeit	1
herauszufinden	1
bedeutungsvoll	1
hervorstehen	1
umwandeln	1
Erinnerungsfetzen	1
sinnvoll	1
Gedächtnistechniken	1
wirkliche	1
aufmerksam	1
verankert	1
erinnerte	1
Summe	1
ohnehin	1
permanent	1
Blackberry	1
iPhone	1
Beachtung	1
schenken	1
Erlebtes	1
tiefgehend	1
unglaubliche	1
Kapazitäten	1
besitzt	1
erinnerungswürdiges	1
vergisst	1
urlhttpwwwtedcomtalkslangdeangelaleeduckworththekeytosuccessgrithtmlurl	1
descriptionNachdem	1
Angela	1
prestigeträchtigen	1
Beratungsbranche	1
aufgegeben	1
Schnell	1
bemerkte	1
erfolgreichen	1
Schwierigkeiten	1
unterschied	1
Theorie	1
Vorbote	1
Erfolgdescription	1
keywordsbusinesseducationpsychologysuccesskeywords	1
titleAngela	1
Schlüssel	1
Durchhaltevermögentitle	1
anstrengenden	1
Unternehmensberatung	1
anstrengenderen	1
Unterrichten	1
Prüfungen	1
Arbeiten	1
zurückkamen	1
berechnete	1
schlechtesten	1
Schülern	1
IQs	1
stratosphärisch	1
schlauesten	1
schnitten	1
Rationale	1
Dezimalzahlen	1
Parallelogramms	1
überzeugt	1
Stoff	1
Lernen	1
Motivation	1
benötigten	1
psychologischen	1
Vorankommen	1
abhängt	1
Aufbaustudium	1
ultraherausfordernden	1
Immer	1
Forschungsteam	1
West	1
Point	1
Militärakademie	1
Kadetten	1
Truppenausbildung	1
weitesten	1
untersuchten	1
Junglehrer	1
Wohngegenden	1
Schuljahres	1
Lernresultate	1
effektivsten	1
schlossen	1
Partnerschaften	1
Privatunternehmen	1
Verkäufer	1
Arbeitsstelle	1
behalten	1
Kontexten	1
trat	1
bedeutender	1
Uns	1
Intelligenz	1
Aussehen	1
körperliche	1
Ausdauer	1
langfristige	1
Ziele	1
Stehvermögen	1
Zukunftsplan	1
Marathon	1
Sprint	1
Chicago	1
bat	1
unteren	1
Sekundarstufe	1
Fragebögen	1
auszufüllen	1
wartete	1
höheren	1
deutlich	1
schafften	1
messbaren	1
verglich	1
Familieneinkommen	1
Ergebnisse	1
standardisierten	1
fühlten	1
Westpoint	1
Abbruchrisiko	1
Erschreckendste	1
lehre	1
solide	1
Arbeitsmoral	1
halte	1
Distanzläufe	1
motiviert	1
ehrliche	1
Daten	1
Hingabe	1
treu	1
Erkenntnissen	1
gewöhnlich	1
talentbezogen	1
korreliert	1
invers	1
Soweit	1
bezüglich	1
Aufbaus	1
sogenannte	1
Stanford	1
Carol	1
umfasst	1
festgelegt	1
Einsatz	1
Dr	1
wächst	1
durchhalten	1
permanenter	1
Haltung	1
tolle	1
Aufbau	1
Bemerkungen	1
beenden	1
Intuitionen	1
vorhalten	1
testen	1
versagen	1
Unrecht	1
vorn	1
urlhttpwwwtedcomtalkslangdexaviervilaltaarchitectureathomeinitscommunityhtmlurl	1
Xavier	1
beauftragt	1
geriet	1
Panik	1
Einkaufszentren	1
repräsentierten	1
zeitgenössischer	1
hasste	1
verschwenderische	1
Glastürme	1
Unsummen	1
Design	1
charmanten	1
vertritt	1
traditionelle	1
Entwurfsstrategien	1
schöne	1
ikonische	1
passendescription	1
keywordsAfricaTED	1
Fellowsarchitecturedesignkeywords	1
titleXavier	1
Gemeindetitle	1
Überlegungen	1
Gemeinschaftsleben	1
natürlichen	1
Bedingungen	1
erwächst	1
Traditionen	1
aktuelle	1
mitgebracht	1
Beide	1
Tunesien	1
Analysen	1
Perspektiven	1
finalen	1
Einladung	1
Äthiopiens	1
weglaufen	1
erkannten	1
wesentliche	1
Merkmale	1
leer	1
beherbergen	1
enorm	1
Oberflächen	1
Hitze	1
Inneren	1
Kühlung	1
mildes	1
Wetter	1
Grad	1
drittens	1
Image	1
schade	1
Äthiopienbesuch	1
FreilichtStruktur	1
einkaufen	1
Händlern	1
öffentlichem	1
Außenbereich	1
zeitgenössisches	1
Prinzipien	1
ansahen	1
Wachstumsgebiet	1
Zudem	1
Parallelstraßen	1
hunderte	1
Erstes	1
Eingänge	1
Gebäudes	1
setzt	1
geneigten	1
Atrium	1
fort	1
FreiluftRaum	1
schafft	1
Regen	1
schützt	1
Hohlraum	1
platzierten	1
Etage	1
Hohlraums	1
überlegte	1
Klimabedingungen	1
Textilien	1
Schale	1
Beton	1
Perforationen	1
einlassen	1
gefilterter	1
inspirierten	1
Knöpfe	1
Kleidern	1
äthiopischer	1
fraktalen	1
gesamte	1
gestalten	1
vorgefertigten	1
Bauteilen	1
Fenstern	1
kontrollierte	1
farbigen	1
Gläser	1
ergänzt	1
Gebäudeinneren	1
nachts	1
erleuchten	1
anfangs	1
Bauunternehmer	1
überzeugen	1
bestellt	1
Marktes	1
profitabler	1
Einkaufszentrums	1
verkaufen	1
Materials	1
Klimaanlage	1
brauchten	1
Kosteneinsparungen	1
realisieren	1
Umsetzung	1
energieautark	1
Stromausfälle	1
wertvollen	1
Beitrag	1
Solarpanel	1
anbrachten	1
Unter	1
Panels	1
Aufenthaltsräumen	1
Bars	1
Oase	1
erschafft	1
Vordächer	1
Wiederverwendung	1
sanitären	1
Hoffentlich	1
Beginn	1
Konstruktion	1
Stock	1
fertig	1
Masterplan	1
achtete	1
Medina	1
alte	1
eingefasst	1
zugänglich	1
verbunden	1
hinging	1
bestehenden	1
verlängern	1
ähnlicher	1
Barcelona	1
Zusätzlich	1
wählten	1
strategische	1
Punkte	1
Anlehnung	1
verbanden	1
geraden	1
veränderte	1
ursprüngliche	1
Masterplans	1
mediterranen	1
NordSüd	1
aufgrund	1
Temperaturdifferenz	1
Hausseiten	1
natürliche	1
Durchlüftung	1
legen	1
sicherstellt	1
perfekt	1
Ergebnis	1
Kombination	1
Blocks	1
Fußgänger	1
erfüllt	1
örtlichen	1
Vorschriften	1
höhere	1
oberen	1
Etagen	1
niedrigere	1
festsetzen	1
verstärkt	1
Volumen	1
verbindende	1
Wohnungstypen	1
verschattet	1
dicht	1
bebauten	1
Vierteln	1
dringen	1
Innenhöfen	1
verschieden	1
Fitnesscenter	1
Geschäften	1
Lieblingsort	1
Bau	1
eingenommen	1
Dort	1
hochgehen	1
zusammenkommen	1
kmLauf	1
springend	1
Entwurfsprozess	1
buchstäblich	1
ändert	1
Wirkung	1
Gemeinden	1
Wirtschaftssysteme	1
bezahlbare	1
Gemeinschaft	1
verstärken	1
verbinden	1
urlhttpwwwtedcomtalkslangdeonoraoneillwhatwedontunderstandabouttrusthtmlurl	1
descriptionDas	1
vielgehörter	1
Philosophin	1
Onora	1
häufigsten	1
beruhendescription	1
keywordsglobal	1
issuesgovernmentphilosophypoliticskeywords	1
titleOnora	1
verstehentitle	1
gängigen	1
allgegenwärtig	1
Klischee	1
Ansicht	1
Rückgang	1
beruhen	1
aktuellen	1
nachdenke	1
abgenommen	1
zugenommen	1
Überblick	1
anschauen	1
angeblich	1
Schauen	1
Zeitraum	1
Sozusagen	1
Richtern	1
Krankenschwestern	1
dazwischen	1
Übrigens	1
Beweis	1
bestimmte	1
Lehrern	1
Gemüsehändlern	1
Fischhändlern	1
Grundschullehrern	1
wohl	1
Inwiefern	1
vernünftige	1
Völlig	1
rational	1
Kurz	1
unterschiedliche	1
anzubringen	1
Beamten	1
Vertreter	1
offiziellen	1
institutionellen	1
Einrichtung	1
bestimmten	1
bekannten	1
Grundschullehrerin	1
dahingehend	1
Schulbus	1
Auto	1
fährt	1
schwatzhafteste	1
wahrt	1
unterschiedlich	1
blenden	1
abstrakter	1
Auskunft	1
tatsächliche	1
Vertrauensniveau	1
gesunden	1
Menschenverstand	1
ignorieren	1
Vertrauenssachen	1
anwendet	1
Ehrlich	1
dumm	1
Darauf	1
Vertrauenswürdigen	1
ziele	1
z	1
Ersparnisse	1
Madoff	1
andeutet	1
Staub	1
made	1
off	1
haute	1
tja	1
Mehr	1
kluges	1
klug	1
einzusetzen	1
verweigern	1
okay	1
entsprechenden	1
Themen	1
unverlässlich	1
wahrscheinlich	1
Brief	1
abschicken	1
vergesslich	1
Kompetenz	1
überschätzen	1
einiges	1
froh	1
unehrlich	1
Falls	1
Jahrzehnte	1
Kontrollsysteme	1
Ämtern	1
einzurichten	1
leichter	1
einzuschätzen	1
gegenteiligen	1
Effekt	1
beabsichtigt	1
Hebamme	1
Papierkram	1
dauert	1
Überall	1
Kontrollsystem	1
Glaubwürdigkeit	1
sicherstellen	1
Gegenteil	1
lenkt	1
Hebammen	1
erstmal	1
Häkchen	1
Hierzu	1
sicherlich	1
beitragen	1
kommunizieren	1
abschätzen	1
Einfache	1
Reaktionen	1
Haltungen	1
Wiederaufbau	1
Vertrauens	1
beschreiben	1
verdreht	1
Sachverhalt	1
deutet	1
wiederaufbauen	1
ineinander	1
letztendlich	1
charakterisiert	1
gegeben	1
herumführen	1
vorbringen	1
Normale	1
Ämter	1
kommerzielles	1
Laden	1
kaufe	1
zurückbringen	1
gewünschten	1
Darin	1
Gegenüber	1
schenkt	1
vertrauenswürdigen	1
Einschätzungsvermögen	1
Einstellungen	1
korrekt	1
inkorrekt	1
festgestellt	1
nützliche	1
urlhttpwwwtedcomtalkslangdecolinstokeshowmoviesteachmanhoodhtmlurl	1
Colin	1
jähriger	1
geworfen	1
sofort	1
besessen	1
ScienceFictionKlassiker	1
mitgenommen	1
aussenden	1
Zusammenarbeiten	1
heldenhaft	1
Respekt	1
männlich	1
description	1
keywordsculturefilmparentingkeywords	1
titleColin	1
lehrentitle	1
Beste	1
Vatersein	1
Lieblingsfilme	1
geschaut	1
monatelang	1
losgelassen	1
Lieblingscharakter	1
Ausrede	1
glitzerndes	1
Zauberstab	1
dabeizuhaben	1
anschaut	1
außergewöhnlich	1
spektakulären	1
Kinderfantasie	1
Industriemaschinerie	1
gestartet	1
gedauert	1
durchsetzte	1
interessanterweise	1
Metall	1
gerettet	1
Wachen	1
Feindes	1
verkleideten	1
wovon	1
rede	1
Unterschiede	1
Affen	1
aggressiv	1
ebenso	1
Apfelbäume	1
Retterin	1
prophezeit	1
Benutze	1
magischen	1
Computern	1
erzeugten	1
Armeen	1
Hexe	1
weiterer	1
heldenhaftesten	1
klügsten	1
niederträchtigsten	1
ebenfalls	1
Kinoabend	1
jung	1
weitaus	1
beaufsichtigt	1
Schwester	1
eingeprägt	1
Entenküken	1
einprägt	1
Beharrlichkeit	1
Loyalität	1
Luke	1
Armee	1
beitritt	1
stürzen	1
Universum	1
ausgenommen	1
Tante	1
Beru	1
cool	1
wartet	1
Medaille	1
Augenzwinkern	1
belohnen	1
Rettung	1
Universums	1
dank	1
Vergleichen	1
anfreundet	1
Anführerin	1
lieber	1
Kerle	1
kämpfen	1
entspricht	1
M	1
Ziegelsteinwege	1
Jedoch	1
umgehen	1
eigener	1
Leia	1
abgab	1
unterrichtet	1
Kuss	1
erwartet	1
Abspann	1
anfängt	1
endet	1
Mission	1
beendet	1
geholt	1
rum	1
Reisen	1
wirkt	1
dümmliches	1
Tier	1
Kriegskostüm	1
mitbringen	1
haufenweise	1
DisneyPrinzessinnen	1
verteidigen	1
weiter	1
Zielpublikum	1
fabelhaft	1
Wehr	1
unbedingt	1
wehren	1
grandiose	1
dreidimensional	1
wunderbar	1
Hermine	1
Katniss	1
Kriegsfilme	1
erfolgreichste	1
Klassiker	1
Bis	1
Legende	1
Highlands	1
herausbrachten	1
empfehle	1
abrufbar	1
Kritiker	1
herauskam	1
Ach	1
Pixar	1
PrinzessinnenFilm	1
deswegen	1
abhalten	1
bisher	1
durchgesetzt	1
gewonnen	1
Alison	1
Bechdel	1
ComicbuchAutorin	1
Bewertung	1
geführt	1
Versuchen	1
Voraussetzung	1
irgendeinem	1
Kerl	1
mögen	1
Verstanden	1
Dankeschön	1
trotzdem	1
selten	1
Kino	1
anzusehen	1
Argo	1
Viel	1
Wirbel	1
Oscars	1
großartige	1
Einspielergebnisse	1
Übereinstimmung	1
Hollywoodfilm	1
fällt	1
wehenden	1
Fahnen	1
spielt	1
Geiselnahme	1
verstecken	1
Szenen	1
Versteck	1
tiefe	1
Gespräche	1
führen	1
Schauspielerinnen	1
spähen	1
Kommst	1
Liebling	1
manche	1
beliebtesten	1
weibliche	1
Hauptdarstellerinnen	1
Elf	1
übel	1
Prozente	1
Anzahl	1
Kongress	1
größer	1
erschüttern	1
Letztes	1
Times	1
veröffentlicht	1
durchgeführt	1
besagt	1
angibt	1
sexuell	1
genötigt	1
Unterhaltungskultur	1
Kinderfilme	1
Musikvideos	1
Pornografie	1
läuft	1
verkehrt	1
höre	1
Sexualstraftäter	1
männlichen	1
Schurken	1
Elternteil	1
großzuziehen	1
gleiche	1
alarmierend	1
vorbereiten	1
hoffen	1
frage	1
beschützen	1
passiv	1
Jungspower	1
beizubehalten	1
Wichtiges	1
spreche	1
vornehmlich	1
Vätern	1
aufzeigen	1
Economy	1
Hausfrau	1
Brötchenverdiener	1
durcheinander	1
gewirbelt	1
anzupassen	1
einzugehen	1
echter	1
respektiert	1
missbrauchen	1
bestehen	1
echten	1
zusammenbringen	1
identifizieren	1
Lieblingsfigur	1
Kenobi	1
glitzernde	1
Figuren	1
liebend	1
auszuschöpfen	1
Anführer	1
Zieh	1
los	1
kämpfe	1
anschließen	1
angeführt	1
urlhttpwwwtedcomtalkslangdemohamedalithelinkbetweenunemploymentandterrorismhtmlurl	1
descriptionFür	1
arbeitslose	1
terroristischen	1
Gruppen	1
gewalttätigen	1
Organisationen	1
angeworben	1
Menschenrechtsanwalt	1
überzeugende	1
Argumente	1
Innovationsschmieden	1
ambitionierten	1
lieferndescription	1
keywordsAfricabusinessentrepreneurglobal	1
issuesinnovationpeaceviolenceyouthkeywords	1
titleMohamed	1
Terrorismustitle	1
lebt	1
Süden	1
Dürre	1
verursachte	1
Armut	1
Dorfes	1
herannahenden	1
Hungertod	1
ankommt	1
Zeltlager	1
vergeht	1
angesprochen	1
Mittagessen	1
einlädt	1
Abendessen	1
Frühstück	1
Kleidung	1
Ihm	1
Schließlich	1
azurblauem	1
Himmel	1
Autobombe	1
Kleinstadtkind	1
Selbstmörder	1
Bombenleger	1
Terrororganisation	1
alQaida	1
Großstadt	1
enden	1
sprengte	1
herausholte	1
Gegenden	1
entrechteten	1
arbeitslosen	1
Johannesburg	1
Unruhen	1
auslöst	1
strebt	1
versprechen	1
Reichtum	1
Anteil	1
Oftmals	1
hohen	1
Einwohnern	1
jünger	1
einbinden	1
Einstieg	1
Terrorismus	1
Gangs	1
ausmachen	1
Geburtsstadt	1
Letzten	1
MadinaKrankenhaus	1
zerschossenen	1
fortgegangen	1
gezwungen	1
Wäre	1
Terrorist	1
antworten	1
Aufenthalt	1
Gipfeltreffens	1
somalische	1
Brainstorming	1
Universität	1
Universitätsabschluss	1
arbeitslos	1
frustriert	1
Mitglied	1
Terrororganisationen	1
suchten	1
Hindernisse	1
A	1
Bürgerkrieg	1
Straßensystem	1
völlig	1
zerstört	1
Motorrad	1
Fortbewegungsmittel	1
erkannte	1
ergriff	1
eröffnete	1
Motorradgeschäft	1
Ortsansässige	1
kaufte	1
träumt	1
Hundert	1
auszudehnen	1
unterscheidet	1
wirksamste	1
bestärkt	1
wirtschaftlichen	1
kreieren	1
verzweifelt	1
Meetings	1
teilnahm	1
Mohamoud	1
Gipfel	1
teilnahmen	1
auszubilden	1
innovativ	1
Kurzem	1
benutzte	1
künstliche	1
Sträuße	1
per	1
Schiff	1
Hochzeit	1
Wann	1
frische	1
Bürgergrkrieges	1
aufwuchsen	1
Niemals	1
Landschaftsgärtnerei	1
Blumenladen	1
legte	1
Plantage	1
Tulpen	1
Lilien	1
züchten	1
rauhen	1
überleben	1
Hochzeiten	1
beliefern	1
gestaltete	1
private	1
Gärten	1
Geschäfte	1
herum	1
Gestaltung	1
genießen	1
Rande	1
züchtet	1
Rosen	1
inspirieren	1
Mohameds	1
Anwesenheit	1
nachgedacht	1
gründen	1
NGO	1
Innovation	1
starken	1
Veränderung	1
vollbringen	1
innovative	1
unternehmerischen	1
lokale	1
Unternehmergeistes	1
Kapital	1
Tat	1
umsetzen	1
Sachverstand	1
Unterstützer	1
anzuleiten	1
Bringen	1
Ressourcen	1
Unterstützung	1
Katalysatoren	1
städtisches	1
Gründung	1
Geschäftes	1
Erschaffung	1
sozialer	1
Effekte	1
sogenannter	1
Friedenspark	1
Straßenkinder	1
eingestellt	1
instandzuhalten	1
lähmenden	1
entkommen	1
Machen	1
Unternehmern	1
veranlassen	1
Innovationen	1
Friedensparks	1
Autobomben	1
urlhttpwwwtedcomtalkslangdesarahparcakarcheologyfromspacehtmlurl	1
descriptionIn	1
Sarah	1
Forschungsfeld	1
Hinweisen	1
verlorene	1
vergangener	1
Zivilisationen	1
nutztdescription	1
Fellowsexplorationhistorysciencespacetechnologykeywords	1
titleSarah	1
Alltitle	1
Kindheit	1
liebsten	1
Beschäftigungen	1
Küsten	1
behaupteten	1
bringe	1
Muscheln	1
Sand	1
umhüllt	1
Routine	1
halfen	1
entwickelte	1
Vergangenes	1
Ägyptologie	1
ausreichte	1
achthundert	1
entlang	1
wuchsen	1
nachzeichnen	1
beispielsweise	1
östlichen	1
Delta	1
Mendes	1
befindet	1
erscheint	1
sichtlich	1
braun	1
Benutzen	1
bearbeiten	1
falscher	1
hellrosa	1
chemischen	1
Baumaterialien	1
aktivitäten	1
Satellitendaten	1
verschollen	1
Alten	1
vierhundert	1
Mittleres	1
AlFayyum	1
Renaissance	1
Religion	1
Ägyptologen	1
wussten	1
Pyramiden	1
erbaut	1
Königen	1
Kreisen	1
angezeigt	1
massiven	1
Schwemmebene	1
Gebiet	1
riesig	1
beträgt	1
Früher	1
floss	1
Nil	1
änderte	1
verschob	1
überdeckte	1
vergrabene	1
derart	1
ausgedehnten	1
Äquivalent	1
Nadel	1
Heuhaufen	1
BaseballHandschuhen	1
NASAs	1
Typografiedaten	1
anzufertigen	1
leichte	1
angehobene	1
Areal	1
angedeutet	1
Kreis	1
mögliche	1
Wissenschaftlern	1
Hohlkernbohrungen	1
Hohlkernbohren	1
Eis	1
Klimawandel	1
dicken	1
Schlamm	1
Tonscherben	1
bewohnte	1
zurückgehend	1
exakten	1
Existenz	1
vermuten	1
außerdem	1
Werkstein	1
Karneol	1
Quartz	1
Achat	1
gearbeitet	1
gängigsten	1
betrachtet	1
Juwelieren	1
zurückging	1
gehobene	1
ergab	1
zurückkehren	1
verfügen	1
Förderungen	1
Satellitentechnologie	1
ausgebildet	1
Entdeckungen	1
Lieblingszitat	1
Berufungen	1
dergleichen	1
Lande	1
wiedergefunden	1
Muschelsuchen	1
vergleichen	1
vielmals	1
urlhttpwwwtedcomtalkslangdeshaolanlearntoreadchinesewitheasehtmlurl	1
descriptionChinesisch	1
NichtChinesen	1
schwieriges	1
Unterfangen	1
ShaoLan	1
Lektion	1
Bedeutungen	1
kreiert	1
komplexere	1
Zusammensetzungen	1
Chineasy	1
genanntdescription	1
keywordschinaeducationlanguagekeywords	1
titleShaoLan	1
Chinesische	1
gemachttitle	1
Taiwan	1
Kalligraphen	1
schönsten	1
Schönheit	1
Gestalt	1
Seither	1
Außenstehenden	1
unüberwindlich	1
Große	1
einreißen	1
Interesse	1
schätzen	1
Lebensjahr	1
Strich	1
Abfolge	1
schnellere	1
einfachere	1
chinesischer	1
Gelehrter	1
Schriftverständnis	1
begreifen	1
Straßenschilder	1
Speisekarten	1
Grundidee	1
bestimmter	1
Webseiten	1
Zeitungen	1
beginne	1
Öffnen	1
möglich	1
quadratisch	1
Daraus	1
spazieren	1
Umriss	1
hochgehobenen	1
Armen	1
schreien	1
brenne	1
leitet	1
ursprünglich	1
Flamme	1
Saloontür	1
Wilden	1
Radikale	1
Grundstock	1
Vielzahl	1
dahinter	1
folgen	1
Begleitung	1
Menschenmenge	1
Arme	1
ausstreckt	1
eingesperrt	1
Gefangener	1
Jonas	1
Wal	1
Wäldchen	1
Planke	1
drauf	1
sprechender	1
heiß	1
brennen	1
Reichtums	1
Sonnen	1
wohlhabend	1
Funken	1
Helligkeit	1
Brett	1
Riegel	1
Platzieren	1
Klopf	1
klopf	1
schleicht	1
flüchten	1
ausweichen	1
Links	1
Streit	1
Vorsicht	1
Ehebruch	1
kennengelernt	1
Radikalen	1
bildet	1
Anstrengung	1
achtjähriges	1
chinesisches	1
zusammenzusetzen	1
Zum	1
Feuerberg	1
Vulkan	1
aufgehenden	1
östlich	1
Japaner	1
links	1
gestülpt	1
klassischen	1
Kaiser	1
Feinde	1
geschickt	1
hinausgehen	1
hinausgeht	1
Ausgang	1
Folie	1
Bühne	1
